CarrierName,NumFlights,StdDevDepartureDelay
British Airways,1059,42.86507919688348
American Airlines,957,42.94906780833314
Lufthansa,986,42.97764237708067
Emirates,1021,43.52490314408233
Qantas,984,43.535512749914375
Singapore Airlines,997,43.57411505906612
Delta Airlines,986,43.97728104447053
Southwest Airlines,1018,43.985647019368116
Air France,1024,44.06885606565044
United Airlines,968,44.423809347886525
